,Edges,Ave_graph_gen_time,Load-parallel_AhujaOrlin_segment,Load-parallel_push_relabel,Load-parallel_push_relabel_segment,Solve-parallel_AhujaOrlin_segment,Solve-parallel_push_relabel,Solve-parallel_push_relabel_segment
10,45,0.003073723614215851,0.00015463121235370636,0.00015950426459312438,0.00019439421594142915,0.014860325679183006,0.0270615603774786,0.015508405119180679
100,4950,0.004251322895288468,0.00042863711714744566,0.00046396739780902864,0.00048508420586586,0.01718001961708069,0.06367473304271698,0.020004137605428695
1000,499500,0.055813949555158615,0.02558375969529152,0.03073527365922928,0.03877355381846428,0.028772831708192826,0.09436939619481563,0.044318678230047225
10000,49995000,7.19569239653647,5.022642878815532,5.034925063326955,5.051696828380227,0.9142525482922792,0.5847133934497833,1.2097205013036727
