,Edges,Ave_graph_gen_time,Load-parallel_AhujaOrlin_segment,Load-parallel_push_relabel,Load-parallel_push_relabel_segment,Solve-parallel_AhujaOrlin_segment,Solve-parallel_push_relabel,Solve-parallel_push_relabel_segment
10,45,0.002268757298588753,0.0001409519463777542,8.38160514831543e-05,6.936974823474884e-05,0.0006983924657106399,0.000539688766002655,0.00020109638571739197
100,4950,0.0015796873718500136,0.00015664920210838317,0.00015085414052009582,0.0001524757593870163,0.0004270430654287338,0.0008470818400382995,0.0005529291927814483
1000,499500,0.05480039156973362,0.024178074300289155,0.02074081152677536,0.022570158541202544,0.020349390059709548,0.013705385848879814,0.037117164582014084
10000,49995000,7.189381336420775,4.9779022436589,4.968202070146799,4.9937059339135885,1.2447554547339679,0.8875097293406725,2.214985129982233
