,Edges,Ave_graph_gen_time,Load-parallel_AhujaOrlin_segment,Load-parallel_push_relabel,Load-parallel_push_relabel_segment,Solve-parallel_AhujaOrlin_segment,Solve-parallel_push_relabel,Solve-parallel_push_relabel_segment
10,45,0.0011655699461698532,6.220415234565735e-05,4.0792301297187807e-05,3.892965614795685e-05,5.524046719074249e-05,7.241591811180115e-05,4.195868968963623e-05
100,4950,0.0017349105328321457,0.00017830170691013336,0.00014090538024902344,0.00013782717287540435,0.00028105638921260834,0.0003505401313304901,0.0003908831626176834
1000,499500,0.054626771807670595,0.024807568266987802,0.02054067775607109,0.020451870188117026,0.014754338562488556,0.013764645531773567,0.032325349375605585
10000,49995000,7.203376506268978,4.9874858934432265,5.020756721496582,5.033639731258154,1.6337937913835048,1.813163337111473,3.394651149958372
