,Edges,Ave_graph_gen_time,Load-parallel_AhujaOrlin_segment,Load-parallel_push_relabel,Load-parallel_push_relabel_segment,Solve-parallel_AhujaOrlin_segment,Solve-parallel_push_relabel,Solve-parallel_push_relabel_segment
10,45,0.002390461042523384,0.00010604113340377808,8.610077202320099e-05,8.115172386169434e-05,0.00019533447921276091,0.00034058094024658203,0.00015461109578609466
100,4950,0.001619614288210869,0.00016462020576000214,0.00015004277229309083,0.00015228688716888427,0.0005498353391885757,0.000834730640053749,0.0008679322898387909
1000,499500,0.054654117301106454,0.023955705016851424,0.0218595989048481,0.023084619268774986,0.020758184790611266,0.013007380068302155,0.03194225654006004
10000,49995000,7.208256224542856,5.003497657924891,5.001172560825944,5.003573056682944,1.3834328938275575,1.2362602740526198,2.5579731363803146
