,Edges,Ave_graph_gen_time,Load-parallel_AhujaOrlin_segment,Load-parallel_push_relabel,Load-parallel_push_relabel_segment,Solve-parallel_AhujaOrlin_segment,Solve-parallel_push_relabel,Solve-parallel_push_relabel_segment
10,45,0.0015840083360671997,7.714256644248962e-05,6.42731785774231e-05,5.716457962989807e-05,0.0011702001094818116,0.0005358833819627762,0.0002739299088716507
100,4950,0.0015292432159185409,0.0001540042459964752,0.00014903470873832702,0.0001555219292640686,0.0004840351641178131,0.0009725213050842286,0.0006026487797498703
1000,499500,0.05481436885893345,0.024102070555090904,0.02509643994271755,0.026262282952666284,0.014620722830295562,0.008144117891788483,0.020495183020830154
10000,49995000,7.269610191509128,5.035867584869266,4.956237802654504,4.976581156626343,0.929781761020422,0.44468358159065247,1.1626404095441103
