,Edges,Ave_graph_gen_time,Load-parallel_AhujaOrlin_segment,Load-parallel_push_relabel,Load-parallel_push_relabel_segment,Solve-parallel_AhujaOrlin_segment,Solve-parallel_push_relabel,Solve-parallel_push_relabel_segment
10,45,0.0011182203888893127,6.69185072183609e-05,4.238523542881012e-05,3.783367574214935e-05,0.0005576562136411667,0.0002206556499004364,0.00012517310678958893
100,4950,0.0015573598444461822,0.00015254393219947814,0.0001459408551454544,0.00015485063195228577,0.0006010711193084716,0.0009361233562231064,0.000841224193572998
1000,499500,0.05466442853212357,0.024024176225066186,0.022349749878048896,0.02389894165098667,0.01877305805683136,0.014667627587914466,0.037098951637744904
10000,49995000,7.207579996809363,5.017966405302286,5.02120027653873,5.038931622356176,1.0789665654301643,0.9777902238070965,1.6277141749858857
