,Edges,Ave_graph_gen_time,Load-parallel_AhujaOrlin_segment,Load-parallel_push_relabel,Load-parallel_push_relabel_segment,Solve-parallel_AhujaOrlin_segment,Solve-parallel_push_relabel,Solve-parallel_push_relabel_segment
10,45,0.003047555312514305,0.00014649368822574615,0.00017540119588375092,0.00016058199107646943,0.007302652671933174,0.012562387436628342,0.007290970161557197
100,4950,0.00408562533557415,0.00037467293441295624,0.00039128251373767855,0.0004919946193695068,0.008390345051884652,0.029354236647486688,0.009811654686927795
1000,499500,0.056285811588168144,0.025863681361079215,0.02954936623573303,0.03756577260792256,0.024890638515353204,0.046982371062040326,0.035203270614147186
10000,49995000,7.260552596673369,5.149889578297734,5.0793481182307,5.085531730949879,0.9090696807950736,0.5700562182813883,1.1274543799459935
