,Edges,Ave_graph_gen_time,Load-parallel_AhujaOrlin_segment,Load-parallel_push_relabel,Load-parallel_push_relabel_segment,Solve-parallel_AhujaOrlin_segment,Solve-parallel_push_relabel,Solve-parallel_push_relabel_segment
10,45,0.0023608509451150893,0.00010559633374214172,8.696801960468292e-05,8.400976657867432e-05,0.0003634024411439896,0.0005282264202833176,0.00017330124974250792
100,4950,0.0016081906855106355,0.00016092769801616668,0.000152457132935524,0.00015629231929779053,0.0004945378750562668,0.0008985079824924469,0.0006808429956436157
1000,499500,0.05465692840516567,0.0240035030990839,0.021093688532710077,0.02289555184543133,0.025754959508776664,0.01752655431628227,0.04649296253919601
10000,49995000,7.21703269071877,4.98546993099153,5.1198242209851745,5.1028541419655085,1.3822986751794815,0.9985709570348262,2.5076766323298214
